consumer_id,kind,asset_ids,required_states,behavior_owner,presentation_integration_owner,notes
"screen_home","screen","home_tower;wordmark;button_frames;ui_frames;ui_theme;font_ui;font_display;music","Continue no_save/valid_active/invalid_incompatible/finished;New Run;Options;replace confirmation;recovery status;Recover previous save;Retry","RC-024;RC-028;RC-032","RC-042","Shared components; no additional artwork implied"
"screen_combat","screen","shadeling;crypt;crypt_floor;crypt_lighting;board_cells;circuit_geometry;rune_symbols;temporary_marker;rune_frames;button_frames;ui_frames;ui_bars;ui_state_overlays;ui_theme;resource_icons;editing_icons;navigation_icons;font_ui;enemy_animation;vfx_traversal;vfx_damage;vfx_shield;vfx_technique;vfx_expiry;vfx_enemy_attack;vfx_results;music;crypt_ambience","endpoints_only;building;selected;valid;invalid;unaffordable;resolving;finite_stock;terminal;inspection;Pass confirmation;empty/large hand","RC-007;RC-008;RC-033","RC-016;RC-017;RC-020;RC-042","Shared components; no additional artwork implied"
"screen_map","screen","map_parchment;map_connections;room_symbols;ui_state_overlays;ui_frames;button_frames;ui_dialog_scrim;navigation_icons;resource_icons;currency_icon;font_ui;font_display;music;crypt_ambience","current_resume;available_enter_confirmation;completed_summary;locked_reason;future_blocked_during_combat_or_rewards;run_details;abandon_confirmation","RC-025;RC-032","RC-042","No encounter legend strip; six room types; route positions and connections remain live"
"screen_menu","screen","ui_frames;button_frames;ui_dialog_scrim;ui_theme;font_ui;font_display;navigation_icons","turquoise_Resume;navy_Options;navy_Shop_available/unavailable_inspectable;navy_Quit;quit_confirm_checkpoint_replay","RC-032","RC-042","Shared components; no additional artwork implied"
"screen_options","screen","ui_frames;button_frames;ui_bars;ui_state_overlays;ui_theme;font_ui;navigation_icons;credits_delivery","music_volume;SFX_volume;mute;sound_on/off;reduced_motion;Guide;Home_only_tutorial_replay;back;focus","RC-020;RC-032;RC-044","RC-020;RC-042;RC-050","Credits attach later RC-050; RC-042 acceptance is independent of credits/release rows"
"screen_inspector","screen","ui_frames;button_frames;ui_dialog_scrim;editing_icons;rune_symbols;resource_icons;font_ui","scroll_body;fixed_Close;cost;ports;ownership;stock;powered/partial/disconnected;Inspect_on/off;cancel;no_technique_activation_button","RC-008","RC-016;RC-042","Shared components; no additional artwork implied"
"screen_guide","screen","ui_frames;button_frames;navigation_icons;circuit_geometry;rune_symbols;temporary_marker;editing_icons;font_ui","scroll;close;onboarding_steps;skip;replay","RC-043","RC-042;RC-043","Shared components; no additional artwork implied"
"screen_rewards","screen","ui_frames;button_frames;rune_frames;progression_symbols;progression_previews;currency_icon;upgrade_marker;ui_state_overlays;font_ui;vfx_results;sfx_reward","choose_one;skip;pending;claimed;reduced_or_empty_eligible_pool","RC-027;RC-031;RC-032","RC-042","Shared components; no additional artwork implied"
"screen_collection","screen","ui_frames;rune_frames;ui_state_overlays;upgrade_marker;progression_previews;font_ui","owned_instance;duplicate_definition;upgraded;inspect;scroll;selection;eligible/ineligible","RC-027;RC-031;RC-032","RC-042","Shared components; no additional artwork implied"
"screen_shop","screen","ui_frames;button_frames;rune_frames;currency_icon;progression_symbols;progression_previews;upgrade_marker;font_ui;sfx_reward","affordable;unaffordable;sold;used_service;empty_pool;remove_confirm;upgrade_picker;Leave","RC-029;RC-032","RC-042","Shared components; no additional artwork implied"
"screen_recovery","screen","ui_frames;button_frames;resource_icons;upgrade_marker;progression_symbols;progression_previews;font_ui;crypt;crypt_floor;crypt_lighting","heal;upgrade;full_HP;no_eligible_target;one_choice_committed;Leave","RC-030;RC-032","RC-042","Shared components; no additional artwork implied"
"screen_events","screen","ui_frames;button_frames;room_symbols;progression_symbols;progression_previews;currency_icon;resource_icons;upgrade_marker;font_ui;event_symbols","eligible;disabled_reason;confirm;resolved;free_Leave","RC-030;RC-032","RC-042","Four event definitions share live text choices; no event paintings or NPC packs"
"screen_results","screen","ui_frames;button_frames;progression_symbols;progression_previews;rune_frames;upgrade_marker;font_ui;font_display;vfx_results;sfx_victory;sfx_defeat","victory;defeat;abandoned;live_summary;Home;New_Run;finished_Continue_disabled","RC-032","RC-042","Shared components; no additional artwork implied"
"application","release","app_icon;app_icon_final;launch_identity","prototype_current;final_distribution;launch;title","RC-051;RC-052","RC-051;RC-053;RC-054","Shared components; no additional artwork implied"
"distribution_android","release","app_icon_final;launch_identity;credits_delivery;store_materials","platform_exports;release_capture;current_store_requirements","RC-052;RC-056","RC-053;RC-056","Shared components; no additional artwork implied"
"distribution_ios","release","app_icon_final;launch_identity;credits_delivery;store_materials","platform_exports;release_capture;current_store_requirements","RC-052;RC-056","RC-054;RC-056","Shared components; no additional artwork implied"
"spark","permanent","rune_symbols;rune_frames;ui_state_overlays;font_ui","normal;selected;focused;unavailable;inspect;live_value(s)/cost","RC-035","RC-016;RC-042","One glyph per definition; copies share art"
"shield","permanent","rune_symbols;rune_frames;ui_state_overlays;font_ui","normal;selected;focused;unavailable;inspect;live_value(s)/cost","RC-035","RC-016;RC-042","One glyph per definition; copies share art"
"focus","permanent","rune_symbols;rune_frames;ui_state_overlays;font_ui","normal;selected;focused;unavailable;inspect;live_value(s)/cost","RC-035","RC-016;RC-042","One glyph per definition; copies share art"
"conjure","permanent","rune_symbols;rune_frames;ui_state_overlays;font_ui","normal;selected;focused;unavailable;inspect;live_value(s)/cost","RC-035","RC-016;RC-042","One glyph per definition; copies share art"
"ember","permanent","icon_ember;rune_frames;ui_state_overlays;font_ui","normal;selected;focused;unavailable;inspect;live_value(s)/cost","RC-035","RC-042","One glyph per definition; copies share art"
"flare","permanent","icon_flare;rune_frames;ui_state_overlays;font_ui","normal;selected;focused;unavailable;inspect;live_value(s)/cost","RC-035","RC-042","One glyph per definition; copies share art"
"barrier","permanent","icon_barrier;rune_frames;ui_state_overlays;font_ui","normal;selected;focused;unavailable;inspect;live_value(s)/cost","RC-035","RC-042","One glyph per definition; copies share art"
"bulwark","permanent","icon_bulwark;rune_frames;ui_state_overlays;font_ui","normal;selected;focused;unavailable;inspect;live_value(s)/cost","RC-035","RC-042","One glyph per definition; copies share art"
"deep_focus","permanent","icon_deep_focus;rune_frames;ui_state_overlays;font_ui","normal;selected;focused;unavailable;inspect;live_value(s)/cost","RC-035","RC-042","One glyph per definition; copies share art"
"twin_conjure","permanent","icon_twin_conjure;rune_frames;ui_state_overlays;font_ui","normal;selected;focused;unavailable;inspect;live_value(s)/cost","RC-035","RC-042","One glyph per definition; copies share art"
"cinder_guard","permanent","icon_cinder_guard;rune_frames;ui_state_overlays;font_ui","normal;selected;focused;unavailable;inspect;live_value(s)/cost","RC-035","RC-042","Mixed effect needs two live values; no new status"
"ward_spark","permanent","icon_ward_spark;rune_frames;ui_state_overlays;font_ui","normal;selected;focused;unavailable;inspect;live_value(s)/cost","RC-035","RC-042","Mixed effect needs two live values; no new status"
"free_spark","generated","rune_symbols;rune_frames;temporary_marker;vfx_technique;vfx_expiry","temporary;selected;inspect;created;expires;live_zero_cost","RC-007;RC-035","RC-016;RC-017;RC-042","Reuse Spark glyph; excluded from rewards/shop/upgrades/permanent collection"
"upgrade_spark","upgrade","rune_symbols;upgrade_marker;rune_frames;font_ui","rank0;rank1;eligible;already_upgraded","RC-031;RC-035","RC-042","Shared components; no additional artwork implied"
"upgrade_shield","upgrade","rune_symbols;upgrade_marker;rune_frames;font_ui","rank0;rank1;eligible;already_upgraded","RC-031;RC-035","RC-042","Shared components; no additional artwork implied"
"upgrade_focus","upgrade","rune_symbols;upgrade_marker;rune_frames;font_ui","rank0;rank1;eligible;already_upgraded","RC-031;RC-035","RC-042","Shared components; no additional artwork implied"
"upgrade_conjure","upgrade","rune_symbols;upgrade_marker;rune_frames;font_ui","rank0;rank1;eligible;already_upgraded","RC-031;RC-035","RC-042","Shared components; no additional artwork implied"
"upgrade_ember","upgrade","icon_ember;upgrade_marker;rune_frames;font_ui","rank0;rank1;eligible;already_upgraded","RC-031;RC-035","RC-042","Shared components; no additional artwork implied"
"upgrade_flare","upgrade","icon_flare;upgrade_marker;rune_frames;font_ui","rank0;rank1;eligible;already_upgraded","RC-031;RC-035","RC-042","Shared components; no additional artwork implied"
"upgrade_barrier","upgrade","icon_barrier;upgrade_marker;rune_frames;font_ui","rank0;rank1;eligible;already_upgraded","RC-031;RC-035","RC-042","Shared components; no additional artwork implied"
"upgrade_cinder_guard","upgrade","icon_cinder_guard;upgrade_marker;rune_frames;font_ui","rank0;rank1;eligible;already_upgraded","RC-031;RC-035","RC-042","Shared components; no additional artwork implied"
"relic_ember_lens","relic","icon_relic_ember_lens;rune_frames;ui_state_overlays;font_ui","offer;owned;inspect;unavailable","RC-031;RC-035","RC-042","Shared components; no additional artwork implied"
"relic_ward_seal","relic","icon_relic_ward_seal;rune_frames;ui_state_overlays;font_ui","offer;owned;inspect;unavailable","RC-031;RC-035","RC-042","Shared components; no additional artwork implied"
"relic_opening_tome","relic","icon_relic_opening_tome;rune_frames;ui_state_overlays;font_ui","offer;owned;inspect;unavailable","RC-031;RC-035","RC-042","Shared components; no additional artwork implied"
"relic_copper_coil","relic","icon_relic_copper_coil;rune_frames;ui_state_overlays;font_ui","offer;owned;inspect;unavailable","RC-031;RC-035","RC-042","Shared components; no additional artwork implied"
"relic_menders_token","relic","icon_relic_menders_token;rune_frames;ui_state_overlays;font_ui","offer;owned;inspect;unavailable","RC-031;RC-035","RC-042","Shared components; no additional artwork implied"
"relic_heart_stone","relic","icon_relic_heart_stone;rune_frames;ui_state_overlays;font_ui","offer;owned;inspect;unavailable","RC-031;RC-035","RC-042","Shared components; no additional artwork implied"
"shadeling","actor","shadeling;enemy_animation;vfx_damage;vfx_enemy_attack;resource_icons;sfx_enemy_attack","idle;attack;hit;defeat","RC-033;RC-034","RC-016;RC-017;RC-042","Shared components; no additional artwork implied"
"wickling","actor","wickling;enemy_animation;vfx_damage;vfx_enemy_attack;resource_icons;sfx_enemy_attack","idle;attack;hit;defeat","RC-033;RC-034","RC-042","Shared components; no additional artwork implied"
"stone_sentinel","actor","stone_sentinel;enemy_animation;vfx_damage;vfx_enemy_attack;resource_icons;sfx_enemy_attack","idle;attack;hit;defeat","RC-033;RC-034","RC-042","Shared components; no additional artwork implied"
"chain_warden","actor","chain_warden;enemy_animation;vfx_damage;vfx_enemy_attack;resource_icons;sfx_enemy_attack","idle;attack;hit;defeat","RC-033;RC-034","RC-042","Shared components; no additional artwork implied"
"bell_keeper","actor","bell_keeper;enemy_animation;vfx_damage;vfx_enemy_attack;resource_icons;sfx_enemy_attack;guardian_phase_icon;sfx_phase","idle;attack;hit;defeat;phase_intensified","RC-033;RC-034","RC-042","Shared components; no additional artwork implied"
"training_shadeling","encounter","shadeling;crypt;crypt_floor;crypt_lighting;board_cells;circuit_geometry","production_random;historical_fixture_explicit","RC-007;RC-034","RC-016;RC-042","Shared components; no additional artwork implied"
"board_training","board","board_cells;circuit_geometry;crypt;crypt_floor;crypt_lighting","random_endpoints;rotations;finite_stock;shared_surface","RC-009","RC-016;RC-042","Board identity is not a unique painted board or biome"
"board_gallery","board","board_cells;circuit_geometry;crypt;crypt_floor;crypt_lighting","random_endpoints;rotations;finite_stock;shared_surface","RC-009","RC-016;RC-042","Board identity is not a unique painted board or biome"
"board_ossuary","board","board_cells;circuit_geometry;crypt;crypt_floor;crypt_lighting","random_endpoints;rotations;finite_stock;shared_surface","RC-009","RC-016;RC-042","Board identity is not a unique painted board or biome"
"board_belfry","board","board_cells;circuit_geometry;crypt;crypt_floor;crypt_lighting","random_endpoints;rotations;finite_stock;shared_surface","RC-009","RC-016;RC-042","Board identity is not a unique painted board or biome"
"room_normal","room","room_symbols;map_connections;ui_state_overlays;map_parchment","current;available;completed;locked;inspect","RC-025;RC-026;RC-027;RC-032","RC-042","Shared components; no additional artwork implied"
"room_elite","room","room_symbols;map_connections;ui_state_overlays;map_parchment","current;available;completed;locked;inspect","RC-025;RC-026;RC-027;RC-032","RC-042","Shared components; no additional artwork implied"
"room_guardian","room","room_symbols;map_connections;ui_state_overlays;map_parchment","current;available;completed;locked;inspect","RC-025;RC-026;RC-027;RC-032","RC-042","Shared components; no additional artwork implied"
"room_shop","room","room_symbols;map_connections;ui_state_overlays;map_parchment","current;available;completed;locked;inspect","RC-025;RC-029;RC-032","RC-042","Shared components; no additional artwork implied"
"room_recovery","room","room_symbols;map_connections;ui_state_overlays;map_parchment","current;available;completed;locked;inspect","RC-025;RC-030;RC-031;RC-032","RC-042","Shared components; no additional artwork implied"
"room_event","room","room_symbols;map_connections;ui_state_overlays;map_parchment","current;available;completed;locked;inspect","RC-025;RC-030;RC-031;RC-032","RC-042","Shared components; no additional artwork implied"
"event_lost_satchel","event","room_symbols;ui_frames;button_frames;progression_symbols;currency_icon;resource_icons;upgrade_marker;progression_previews;font_ui;event_symbols","choice_eligible;choice_disabled_reason;Leave;resolved","RC-030;RC-036","RC-042","Reuse room_shop bag as satchel; no new painting"
"event_blood_tithe","event","room_symbols;ui_frames;button_frames;progression_symbols;currency_icon;resource_icons;upgrade_marker;progression_previews;font_ui;event_symbols","choice_eligible;choice_disabled_reason;Leave;resolved","RC-030;RC-036","RC-042","Use event_symbols stone_bowl glyph"
"event_sealed_reliquary","event","room_symbols;ui_frames;button_frames;progression_symbols;currency_icon;resource_icons;upgrade_marker;progression_previews;font_ui;event_symbols","choice_eligible;choice_disabled_reason;Leave;resolved","RC-030;RC-036","RC-042","Reuse reward_chest glyph; no new painting"
"event_etched_desk","event","room_symbols;ui_frames;button_frames;progression_symbols;currency_icon;resource_icons;upgrade_marker;progression_previews;font_ui;event_symbols","choice_eligible;choice_disabled_reason;Leave;resolved","RC-030;RC-036","RC-042","Use event_symbols etched_desk glyph"
"service_shop_rune","service","ui_frames;button_frames;ui_state_overlays;progression_previews;font_ui;rune_frames;currency_icon","available;unavailable_reason;eligible_picker;confirm;committed;used_or_sold","RC-029","RC-042","Shared components; no additional artwork implied"
"service_shop_relic","service","ui_frames;button_frames;ui_state_overlays;progression_previews;font_ui;rune_frames;currency_icon","available;unavailable_reason;eligible_picker;confirm;committed;used_or_sold","RC-029;RC-031","RC-042","Shared components; no additional artwork implied"
"service_shop_remove","service","ui_frames;button_frames;ui_state_overlays;progression_previews;font_ui;progression_symbols;currency_icon","available;unavailable_reason;eligible_picker;confirm;committed;used_or_sold","RC-029","RC-042","Shared components; no additional artwork implied"
"service_shop_upgrade","service","ui_frames;button_frames;ui_state_overlays;progression_previews;font_ui;upgrade_marker;currency_icon","available;unavailable_reason;eligible_picker;confirm;committed;used_or_sold","RC-029;RC-031","RC-042","Shared components; no additional artwork implied"
"service_recovery_heal","service","ui_frames;button_frames;ui_state_overlays;progression_previews;font_ui;progression_symbols;resource_icons","available;unavailable_reason;eligible_picker;confirm;committed;used_or_sold","RC-030","RC-042","Shared components; no additional artwork implied"
"service_recovery_upgrade","service","ui_frames;button_frames;ui_state_overlays;progression_previews;font_ui;upgrade_marker","available;unavailable_reason;eligible_picker;confirm;committed;used_or_sold","RC-030;RC-031","RC-042","Shared components; no additional artwork implied"
"currency_gold","currency","currency_icon;font_ui","balance;price;reward;unaffordable","RC-024;RC-029;RC-036","RC-042","Shared components; no additional artwork implied"
